job_title,company,city,sector,employment_type,experience_required,salary_pkr_month,platform,date_posted_or_seen,source_url,notes
Data Analyst,Millat Tractors,Rawalpindi,Manufacturing,Hybrid,Senior (5-8 yrs),Not disclosed,Rozee.pk,2026-06,https://www.rozee.pk/search/data-analyst-jobs-in-pakistan,From Rozee.pk live search results
Upwork Bidder / Business Analyst,Dotgenic Systems,Lahore,IT Services,Not disclosed,Fresh,Not disclosed,Rozee.pk,2026-06-10,https://www.rozee.pk/search/data-analyst-jobs-in-pakistan,Client acquisition + data analysis role
Associate Financial Analyst,ASTO Life Sciences,Lahore,Pharma/Life Sciences,Not disclosed,3 years,120000-120000,Rozee.pk,2026-06-15,https://www.rozee.pk/search/data-analyst-jobs-in-pakistan,Only listing with exact disclosed salary
Financial Analyst,KSB Pumps Company Limited,Lahore,Manufacturing,Not disclosed,Experienced,Not disclosed,Rozee.pk,2026-06,https://www.rozee.pk/search/data-analyst-jobs-in-pakistan,
Senior Project Analyst,Now IT Solutions,Not disclosed,IT Services,Not disclosed,Experienced,Not disclosed,Rozee.pk,2026-06,https://www.rozee.pk/search/data-analyst-jobs-in-pakistan,Techno-functional PMO role
Senior Analyst,Bank Al Habib Limited,Not disclosed,Banking,Not disclosed,3+ years,Not disclosed,Rozee.pk,2026-06,https://www.rozee.pk/search/data-analyst-jobs-in-pakistan,Power BI / Power Query skills required
Data and Reporting Analyst,Confidential (NGO/Program),Not disclosed,NGO & Development,Not disclosed,Not disclosed,Not disclosed,Rozee.pk,2026-06,https://www.rozee.pk/search/data-analyst-jobs-in-pakistan,Program data accuracy and integrity role
MIS Analyst,Confidential (Health Program),Not disclosed,NGO & Development,Not disclosed,Not disclosed,Not disclosed,Rozee.pk,2026-06,https://www.rozee.pk/search/data-analyst-jobs-in-pakistan,Health Management Information Systems
Junior SAP Analytics Cloud Analyst,Confidential Multinational,Not disclosed,FMCG/Multinational,Entry Level,Entry level,Not disclosed,Rozee.pk,2026-06,https://www.rozee.pk/search/data-analyst-jobs-in-pakistan,SAP Analytics Cloud dashboarding
Data Analyst Associate,Gazala Group,Karachi (North Nazimabad),Healthcare Consultancy,Not disclosed,Not disclosed,Not disclosed,Rozee.pk,2026-06,https://www.rozee.pk/search/data-analyst-jobs-in-pakistan,"Excel PivotTables, R, data visualization"
Data Research and Data Analyst,S&N Consulting Group Pvt Ltd,Multan (Shah Rukn-e-Alam),Consulting,Not disclosed,Not disclosed,Not disclosed,Rozee.pk,2026-06,https://www.rozee.pk/search/data-analyst-jobs-in-pakistan,Data mining and database management
Data Analyst,Rozee (internal posting),Karachi,Agri-Tech,Not disclosed,Not disclosed,Not disclosed,Rozee.pk,2026-06,https://www.rozee.pk/EN/rozee-data-analyst-jobs-1555112,Crop price prediction using Python and Power BI
Data Analyst/Reporting - Microsoft Power BI,GRID Systems,Islamabad,IT Services,Not disclosed,Not disclosed,Not disclosed,Glassdoor,2026-06,"https://www.glassdoor.com/Job/pakistan-data-analyst-jobs-SRCH_IL.0,8_IN192_KO9,21.htm",Company rating 4.6/5 on Glassdoor
Data Conversion Analyst,Contour Software,Lahore,IT Services,Not disclosed,Not disclosed,Not disclosed,Glassdoor,2026-06,"https://www.glassdoor.com/Job/pakistan-data-analyst-jobs-SRCH_IL.0,8_IN192_KO9,21.htm",Company rating 4.4/5 on Glassdoor
Data Analyst,Metallicus,Pakistan (Remote/Hybrid),Fintech/Blockchain,Not disclosed,Not disclosed,Not disclosed,Glassdoor,2026-06,"https://www.glassdoor.com/Job/pakistan-data-analyst-jobs-SRCH_IL.0,8_IN192_KO9,21.htm",Company rating 4.0/5 on Glassdoor
Data Analyst,Dignosco,Lahore,EdTech/Consulting,Full-time,Not disclosed,30000-35000,Glassdoor,2026-06,"https://www.glassdoor.com/Job/lahore-data-analyst-jobs-SRCH_IL.0,6_IC3206630_KO7,19.htm",Job Code 0019/14; Department Counselling; exact disclosed salary range
Lead/Senior Data Analyst - Python/SQL,ValueMomentum,Pakistan,IT Services / Insurance Tech,Not disclosed,Not disclosed,Not disclosed,Glassdoor,2026-05,"https://www.glassdoor.com/Job/pakistan-data-analytics-jobs-SRCH_IL.0,8_IN192_KO9,23.htm",UK/US P&C Insurance domain experience required
Data Analyst,Creative Chaos,Not disclosed,IT Services,Not disclosed,Not disclosed,Not disclosed,Bayt.com,2026-05,https://www.bayt.com/en/pakistan/jobs/data-analyst-jobs/,
Sr. Data Scientist,Confidential,Karachi/Lahore/Islamabad,IT Services,Onsite,Senior,PKR salary (not disclosed),Bayt.com,2026-05,https://www.bayt.com/en/pakistan/jobs/data-analyst-jobs/,
Senior Manager Data Modeler,MetLife (MGCC),Karachi/Islamabad,Insurance/Global Capability Center,Onsite,Senior/Manager,Not disclosed,Bayt.com,2026-05,https://www.bayt.com/en/pakistan/jobs/data-analyst-jobs/,Morning shift; global capability center role
Data Engineer,Confidential,Karachi,Technology,Not disclosed,Not disclosed,Not disclosed,LinkedIn,2026-06,https://pk.linkedin.com/jobs/data-analyst-jobs,Actively hiring
Power BI Expert,Confidential,Rawalpindi,Technology,Not disclosed,Not disclosed,Not disclosed,LinkedIn,2026-06,https://pk.linkedin.com/jobs/data-analyst-jobs,
Business Intelligence Specialist,Confidential,Lahore,Technology,Not disclosed,Not disclosed,Not disclosed,LinkedIn,2026-06,https://pk.linkedin.com/jobs/data-analyst-jobs,Actively hiring
Senior Data Analyst,Confidential,Punjab,Technology,Not disclosed,Senior,Not disclosed,LinkedIn,2026-06,https://pk.linkedin.com/jobs/data-analyst-jobs,Actively hiring
Remote Data Science Analyst,Confidential,Pakistan (Remote),Technology,Remote,Not disclosed,Not disclosed,LinkedIn,2026-06,https://pk.linkedin.com/jobs/data-analyst-jobs,Actively hiring
Analyst - Insights & Analytics,Confidential,Islamabad,Technology,Not disclosed,Not disclosed,Not disclosed,LinkedIn,2026-06,https://pk.linkedin.com/jobs/data-analyst-jobs,Actively hiring
Data Analyst - Residual Value Monetisation,Confidential,Lahore,Automotive/Fintech,Onsite,Not disclosed,USD salary (not disclosed),LinkedIn,2026-06,https://pk.linkedin.com/jobs/data-analyst-jobs,Rare USD-denominated onsite role
Python Data Analyst,Confidential,Islamabad,Technology,Not disclosed,Not disclosed,Not disclosed,LinkedIn,2026-06,https://pk.linkedin.com/jobs/data-analyst-jobs,Actively hiring
BI Developer,Confidential,Lahore,Technology,Not disclosed,Not disclosed,Not disclosed,LinkedIn,2026-06,https://pk.linkedin.com/jobs/data-analyst-jobs,Actively hiring
Data Analyst - Crystal Reports,Confidential,Karachi,Technology,Not disclosed,Not disclosed,Not disclosed,LinkedIn,2026-06,https://pk.linkedin.com/jobs/data-analytics-jobs,
Assistant Manager - Business Intelligence,Confidential,Islamabad,Technology,Not disclosed,Assistant Manager,Not disclosed,LinkedIn,2026-06,https://pk.linkedin.com/jobs/data-analytics-jobs,Actively hiring
Business Intelligence Analyst,Confidential,Lahore (Johar Town),Technology,Not disclosed,Not disclosed,Not disclosed,LinkedIn,2026-06,https://pk.linkedin.com/jobs/data-analytics-jobs,
Lead Data Analyst,Confidential,Lahore,Technology,Not disclosed,Lead,Not disclosed,LinkedIn,2026-06,https://pk.linkedin.com/jobs/data-analytics-jobs,Actively hiring
Data Analyst (Onsite Lahore),Confidential,Lahore,Technology,Onsite,Not disclosed,USD salary (not disclosed),LinkedIn,2026-06,https://pk.linkedin.com/jobs/data-analytics-jobs,USD-denominated onsite role
Data Scientist,Confidential,Karachi,Technology,Not disclosed,Not disclosed,Not disclosed,LinkedIn,2026-06,https://pk.linkedin.com/jobs/data-analytics-jobs,Actively hiring
Assistant Manager - Data Analytics,Confidential,Karachi,Technology,Not disclosed,Assistant Manager,Not disclosed,LinkedIn,2026-06,https://pk.linkedin.com/jobs/data-analysis-jobs,Actively hiring
Trainee Data Science,Confidential,Lahore,Technology,Trainee,Entry level,Not disclosed,LinkedIn,2026-06,https://pk.linkedin.com/jobs/data-analysis-jobs,
Business Analyst - Agri,Confidential,Karachi,Agriculture,Not disclosed,Not disclosed,Not disclosed,LinkedIn,2026-06,https://pk.linkedin.com/jobs/data-analysis-jobs,Actively hiring
Data Scientist,Habib Bank AG Zurich,Karachi,Banking,Not disclosed,Not disclosed,Not disclosed,LinkedIn,2026-04-14,https://pk.linkedin.com/jobs/view/data-scientist-at-habib-bank-ag-zurich-4399532611,Individual job posting URL
Data Scientist (Oil & Gas Industry),CodeByte (client),Lahore,Oil & Gas,Contract (min 1 yr),5-8 years,USD 2500-3000/month,BeBee,2026-05,https://bebee.com/pk/jobs/role/data-scientist,Department: Digital Transformation / Data & Analytics
Deep Learning Specialist,Translation Empire PK,Not disclosed,IT Services,Not disclosed,Not disclosed,Not disclosed,BeBee,2026-05,https://bebee.com/pk/jobs/role/data-scientist,Image/text/signal data models
NLP Engineer,Translation Empire PK,Not disclosed,IT Services,Not disclosed,Not disclosed,Not disclosed,BeBee,2026-05,https://bebee.com/pk/jobs/role/data-scientist,"Text classification, sentiment analysis"
Analytics Engineer / BI Engineer,Confidential (UK consultancy client),Karachi,Consulting,Hybrid,Not disclosed,Not disclosed,BeBee,2026-05,https://bebee.com/pk/jobs/role/data-scientist,Reporting & Data Platform
Senior Data Scientist,NorthBay,Karachi,Technology,"Hybrid, Full-time",8+ years,Not disclosed,BeBee,2026-05,https://bebee.com/pk/jobs/role/data-scientist,Data processing and visualization focus
Data Scientist (Machine Learning),Tata Consultancy Services,Pakistan,IT Services,Not disclosed,5+ years,Not disclosed,Glassdoor,2026-05,"https://www.glassdoor.com/Job/data-scientist-jobs-SRCH_IN192_KO0,14.htm","Time series forecasting, anomaly detection"
Data Scientist,Fortray Global Services,Pakistan,IT Services,Not disclosed,Not disclosed,Not disclosed,Glassdoor,2026-05,"https://www.glassdoor.com/Job/data-scientist-jobs-SRCH_IN192_KO0,14.htm","Project planning, data collection & cleaning"
Data Scientist/ML Engineer,Soothsayer Analytics,Pakistan,Analytics,Not disclosed,Not disclosed,Not disclosed,Glassdoor,2026-05,"https://www.glassdoor.com/Job/data-scientist-jobs-SRCH_IN192_KO0,14.htm",Python data processing
AI/Responsible AI Collaborator,CureMD,Pakistan,HealthTech,Not disclosed,Not disclosed,Not disclosed,Glassdoor,2026-05,"https://www.glassdoor.com/Job/data-scientist-jobs-SRCH_IN192_KO0,14.htm",Clinical experts + data scientists collaboration
Data Collection Specialist,DM Clinical Research,Pakistan,Healthcare Research,Not disclosed,Not disclosed,Not disclosed,Glassdoor,2026-05,"https://www.glassdoor.com/Job/data-scientist-jobs-SRCH_IN192_KO0,14.htm",Model training operations support
Python Developer - Machine Learning,King Revolution Inc,Pakistan,IT Services,Not disclosed,Not disclosed,Not disclosed,Glassdoor,2026-05,"https://www.glassdoor.com/Job/data-scientist-jobs-SRCH_IN192_KO0,14.htm",Large dataset preprocessing
Senior Power BI Developer,VentureDive,Karachi,IT Services,Not disclosed,8+ years,Not disclosed,Indeed Pakistan,2026-06-01,https://pk.indeed.com/q-power-bi-developer-l-karachi-jobs.html,PL-300 / DP-500 certification preferred
Data Analyst - Mid level (Urgent),Ibix Global Tech,Karachi,IT Services,Not disclosed,Mid level,Not disclosed,Indeed Pakistan,2026-06-01,https://pk.indeed.com/q-power-bi-l-karachi-jobs.html,
Power BI Developer,Systems Limited,Karachi,IT Services,Not disclosed,Not disclosed,Not disclosed,Indeed Pakistan,2026-06-01,https://pk.indeed.com/q-power-bi-l-karachi-jobs.html,End-to-end dashboard lifecycle
Data & Reporting Analyst,PwC,Karachi,Consulting,Not disclosed,Not disclosed,Not disclosed,Indeed Pakistan,2026-06-01,https://pk.indeed.com/q-power-bi-l-karachi-jobs.html,
Data Analysis - Production Insights,Ana & Batla Industries Pvt Ltd,Karachi (Landhi Colony),Manufacturing,Not disclosed,Not disclosed,Not disclosed,Indeed Pakistan,2026-06-01,https://pk.indeed.com/q-power-bi-l-karachi-jobs.html,"Mon-Fri 9-6, Sat 9-1"
Data Analyst - Apparel Retail,Garments company (name withheld in listing),Karachi,Retail/Apparel,Not disclosed,3-5 years,Not disclosed,Indeed Pakistan,2026-06-01,https://pk.indeed.com/q-power-bi-l-karachi-jobs.html,Bachelor's in Data Science/Statistics/Business Analytics preferred
Research Intern,Louis Dreyfus Company,Karachi,Agri-Commodities,Internship,Student/fresh grad,Not disclosed,Indeed Pakistan,2026-06-01,https://pk.indeed.com/q-power-bi-l-karachi-jobs.html,
Software Developer,Aga Khan Health Service Pakistan,Karachi,Healthcare,Not disclosed,Not disclosed,Not disclosed,Indeed Pakistan,2026-05-11,https://pk.indeed.com/q-power-bi-l-karachi-gulshan-e-iqbal-jobs.html,
Power BI Developer / BI Analyst,Ibix Global Tech,Karachi,IT Services,Not disclosed,2-4 years,Not disclosed,Indeed Pakistan,2026-05-11,https://pk.indeed.com/q-power-bi-l-karachi-gulshan-e-iqbal-jobs.html,
Senior Power BI Developer,Pivotize Consulting,Karachi,Consulting,Not disclosed,Not disclosed,Not disclosed,Indeed Pakistan,2026-05-11,https://pk.indeed.com/q-power-bi-l-karachi-gulshan-e-iqbal-jobs.html,BI team member
Power BI Business Intelligence Analyst,Provox Global Solutions,Pakistan (Remote),Consulting,Remote,Not disclosed,Not disclosed,Indeed Pakistan,2026-06-25,https://pk.indeed.com/q-bi-business-intelligence-analyst-jobs.html,Fire protection services client; QuickBooks + Inspect Point data
Business Intelligence Analyst,Jeeny,Lahore,Ride-hailing/Tech,Not disclosed,Not disclosed,Not disclosed,Indeed Pakistan,2026-06-25,https://pk.indeed.com/q-bi-business-intelligence-analyst-jobs.html,
Business Intelligence Developer,BGBx,Pakistan,Technology,Not disclosed,Not disclosed,Not disclosed,Indeed Pakistan,2026-06-25,https://pk.indeed.com/q-bi-business-intelligence-analyst-jobs.html,
Microsoft Power BI Developer,Müller's Solutions,Islamabad,IT Services,Not disclosed,Not disclosed,Not disclosed,Indeed Pakistan,2026-06-25,https://pk.indeed.com/q-bi-business-intelligence-analyst-jobs.html,
BI Developer,MTBC,Rawalpindi,Healthcare IT,Not disclosed,Not disclosed,Not disclosed,Indeed Pakistan,2026-06-25,https://pk.indeed.com/q-bi-business-intelligence-analyst-jobs.html,24-hour SLA ad hoc decision support
Business Intelligence Developer,Systems Limited,Karachi,IT Services,Not disclosed,Not disclosed,Not disclosed,Indeed Pakistan,2026-06-25,https://pk.indeed.com/q-bi-business-intelligence-analyst-jobs.html,
Power BI Developer,HRSG SSP,Sahiwal,IT Services,Not disclosed,Not disclosed,Not disclosed,Indeed Pakistan,2026-06-25,https://pk.indeed.com/q-bi-business-intelligence-analyst-jobs.html,
Business Intelligence Developer,Lloyds Technology Centre,Hyderabad,Banking/Fintech,Not disclosed,Not disclosed,Not disclosed,Indeed Pakistan,2026-06-25,https://pk.indeed.com/q-bi-business-intelligence-analyst-jobs.html,"DAX measures, KPI time-intelligence"
Dynamics 365 Developer (Power BI Experience),H2O Labs,Lahore (Johar Town),IT Services,Not disclosed,Not disclosed,Not disclosed,Indeed Pakistan,2026-06-25,https://pk.indeed.com/q-bi-business-intelligence-analyst-jobs.html,
Financial & Data Analyst,Pavago (client),Pakistan (Remote),Consulting,"Full-time, Remote",Not disclosed,Not disclosed,Indeed Pakistan,2025-12-22,https://pk.indeed.com/q-power-bi-jobs.html,US client business hours
Full Stack Developer - PostgreSQL/Big Data/AI,The Garcia Team,Pakistan (Remote),IT Services,Remote,Not disclosed,Not disclosed,Indeed Pakistan,2025-12-22,https://pk.indeed.com/q-power-bi-jobs.html,100M+ records processing
Digital Business Analyst,Confidential,Lahore (Remote),IT Services,"Full-time, Remote",Not disclosed,Not disclosed,Indeed Pakistan,2025-12-22,https://pk.indeed.com/q-power-bi-jobs.html,US client business hours
AI & Data Science Strategy Associate Consultant,Ontrac Solutions,Karachi,Consulting,Not disclosed,Mid-level,Not disclosed,Indeed Pakistan,2025-12-22,https://pk.indeed.com/q-power-bi-jobs.html,
Data Analyst,Robust Support & Solutions,Karachi,IT Services,Not disclosed,Not disclosed,Not disclosed,Glassdoor,2026-06,"https://www.glassdoor.com/Job/kar%C4%81chi-power-bi-jobs-SRCH_IL.0,7_IC3212296_KO8,16.htm",
Production Reporting Specialist (Data Analysis),Ana & Batla Industries Pvt Ltd,Karachi (Landhi Colony),Manufacturing,Not disclosed,Not disclosed,Not disclosed,Glassdoor,2026-06,"https://www.glassdoor.com/Job/kar%C4%81chi-power-bi-jobs-SRCH_IL.0,7_IC3212296_KO8,16.htm",
Sr. Power BI Developer (Remote),Code Creators,Pakistan (Remote),IT Services,Remote,3+ years,Not disclosed,Glassdoor,2025-10,"https://www.glassdoor.com/Job/pakistan-bi-jobs-SRCH_IL.0,8_IN192_KO9,11.htm",
Power BI Expert,Aricrypta,Pakistan,Fintech/Crypto,Not disclosed,Not disclosed,Not disclosed,Glassdoor,2025-10,"https://www.glassdoor.com/Job/pakistan-bi-jobs-SRCH_IL.0,8_IN192_KO9,11.htm",
Data Analyst,Careem,Pakistan,Ride-hailing/Tech,Not disclosed,Not disclosed,Not disclosed,Glassdoor,2025-10,"https://www.glassdoor.com/Job/pakistan-bi-jobs-SRCH_IL.0,8_IN192_KO9,11.htm",Careem Analytics team
Junior Data Engineer (SQL/ETL),Prima Systems,Lahore,IT Services,Not disclosed,Junior,Not disclosed,Indeed Pakistan,2026-06-02,https://pk.indeed.com/q-data-engineer-jobs.html,
Python Engineer,Tata Consultancy Services,Hyderabad,IT Services,Not disclosed,Not disclosed,Not disclosed,Indeed Pakistan,2026-06-02,https://pk.indeed.com/q-data-engineer-jobs.html,AI Superleague accelerated track
Associate Data Engineer,9D Technologies & Imagination AI,Rawalpindi,IT Services,Not disclosed,Not disclosed,Not disclosed,Indeed Pakistan,2026-06-02,https://pk.indeed.com/q-data-engineer-jobs.html,
Senior Data Engineer,Aegasis Labs,Lahore,IT Services,Not disclosed,Senior,Not disclosed,Indeed Pakistan,2026-06-02,https://pk.indeed.com/q-data-engineer-jobs.html,AWS/Azure/GCP experience
Data Engineer (Adobe AEP),TechBiz Global GmbH,Islamabad,IT Services,Not disclosed,Not disclosed,Not disclosed,Indeed Pakistan,2026-06-19,https://pk.indeed.com/q-data-engineer-l-islamabad-jobs.html,
Data Engineer,Python Technologies,Islamabad,IT Services,Not disclosed,Not disclosed,Not disclosed,Indeed Pakistan,2026-06-19,https://pk.indeed.com/q-data-engineer-l-islamabad-jobs.html,
Data Engineer,International Rescue Committee,Islamabad,NGO,Not disclosed,Not disclosed,Not disclosed,Indeed Pakistan,2026-06-19,https://pk.indeed.com/q-data-engineer-l-islamabad-jobs.html,
Data Engineer,Datamatics Technologies,Islamabad,IT Services,Not disclosed,Not disclosed,Not disclosed,Indeed Pakistan,2026-06-19,https://pk.indeed.com/q-data-engineer-l-islamabad-jobs.html,ETL/ELT workflows
Senior Data Engineer,Trickle Up,Rawalpindi,NGO/Development,Not disclosed,Senior,Not disclosed,Indeed Pakistan,2026-06-19,https://pk.indeed.com/q-data-engineer-l-islamabad-jobs.html,Data warehouse and lake design
Data Engineer,Darkroom,Islamabad,Marketing Tech,Not disclosed,Not disclosed,Not disclosed,Indeed Pakistan,2026-06-19,https://pk.indeed.com/q-data-engineer-l-islamabad-jobs.html,
Senior Data Engineer & Data Architect,TechBiz Global GmbH,Islamabad,IT Services,Not disclosed,15+ years,Not disclosed,Indeed Pakistan,2026-06-19,https://pk.indeed.com/q-data-engineer-l-islamabad-jobs.html,Data governance and catalog tools
Data Engineer,Macquarie Group Limited,Pakistan,Financial Services,Not disclosed,Not disclosed,Not disclosed,Glassdoor,2026-03,"https://www.glassdoor.com/Job/pakistan-data-engineer-jobs-SRCH_IL.0,8_IN192_KO9,22.htm","Global financial services group, 31 markets"
Data Engineer,Capgemini,Pakistan,IT Consulting,Not disclosed,Not disclosed,Not disclosed,Glassdoor,2026-03,"https://www.glassdoor.com/Job/pakistan-data-engineer-jobs-SRCH_IL.0,8_IN192_KO9,22.htm",
Data Engineer,Lloyds Technology Centre,Pakistan,Banking/Fintech,Not disclosed,Not disclosed,Not disclosed,Glassdoor,2026-03,"https://www.glassdoor.com/Job/pakistan-data-engineer-jobs-SRCH_IL.0,8_IN192_KO9,22.htm",
Data Engineer,TCP Software,Pakistan,IT Services,Not disclosed,Not disclosed,Not disclosed,Glassdoor,2026-03,"https://www.glassdoor.com/Job/pakistan-data-engineer-jobs-SRCH_IL.0,8_IN192_KO9,22.htm",
Data Engineer,Contour Software,Pakistan,IT Services,Not disclosed,Not disclosed,Not disclosed,Glassdoor,2026-03,"https://www.glassdoor.com/Job/pakistan-data-engineer-jobs-SRCH_IL.0,8_IN192_KO9,22.htm",
Data Engineer,InvoZone,Pakistan,IT Services,Not disclosed,Not disclosed,Not disclosed,Glassdoor,2026-03,"https://www.glassdoor.com/Job/pakistan-data-engineer-jobs-SRCH_IL.0,8_IN192_KO9,22.htm",
Data Engineer,Tech Bridge Consultancy,Pakistan,Consulting,Not disclosed,Not disclosed,Not disclosed,Glassdoor,2026-03,"https://www.glassdoor.com/Job/pakistan-data-engineer-jobs-SRCH_IL.0,8_IN192_KO9,22.htm",
Data Engineer,Aqovia,Pakistan,IT Services,Not disclosed,Not disclosed,Not disclosed,Glassdoor,2026-03,"https://www.glassdoor.com/Job/pakistan-data-engineer-jobs-SRCH_IL.0,8_IN192_KO9,22.htm",
Associate Data Engineer,PostEx,Lahore,Logistics/Fintech,Not disclosed,Associate,Not disclosed,BeBee,2026-04-21,https://bebee.com/pk/jobs/role/data-engineer,SQL and Data Warehousing
Data Engineer - Infrastructure (Remote/Contract),Confidential client,Pakistan (Remote),IT Services,Contract,Not disclosed,USD 30-100/hour,BeBee,2026-04-21,https://bebee.com/pk/jobs/role/data-engineer,Work from anywhere
Data Engineer / BI Engineer Intern,PostEx,Lahore,Logistics/Fintech,Internship,Entry level,Not disclosed,BeBee,2026-04-21,https://bebee.com/pk/jobs/role/data-engineer,ETL/ELT pipeline support
Data Engineer,CIRCLE Women Association,Lahore,NGO/Social Impact,Not disclosed,Not disclosed,Not disclosed,BeBee,2026-04-21,https://bebee.com/pk/jobs/role/data-engineer,Platform team
Senior Data Engineer / Data Engineer & Analyst,Confidential (UK real estate developer),Karachi,Real Estate,Onsite,Senior,PKR salary (not disclosed),BeBee,2026-04-21,https://bebee.com/pk/jobs/role/data-engineer,
Data Engineer (Sr.),Sukuk Capital,Lahore,Fintech,Not disclosed,Senior,Not disclosed,Indeed Pakistan,2025-12-06,https://pk.indeed.com/Data-Engineer-jobs,
Data Engineer,"Burq, Inc.",Lahore,Logistics/Tech,Not disclosed,Not disclosed,Not disclosed,Indeed Pakistan,2025-12-06,https://pk.indeed.com/Data-Engineer-jobs,
Principal Data Engineer - II,Pakistan Single Window,Karachi,Government/Trade Tech,Not disclosed,Principal,Not disclosed,Indeed Pakistan,2025-12-06,https://pk.indeed.com/Data-Engineer-jobs,
Data Engineer in Test,Confiz,Karachi,IT Services,Not disclosed,Not disclosed,Not disclosed,Indeed Pakistan,2025-12-06,https://pk.indeed.com/Data-Engineer-jobs,
Data Engineer (Azure Platform),Algo,Lahore,IT Services,Not disclosed,Not disclosed,Not disclosed,Indeed Pakistan,2025-12-06,https://pk.indeed.com/Data-Engineer-jobs,
Data Scientist (Web Scraping FYP),Big Byte Insights,Lahore,IT Services,"Onsite, Full-time",Entry level,Not disclosed,Indeed Pakistan,2026-03-19,https://pk.indeed.com/q-data-engineer-job-in-lahore-l-lahore-jobs.html,Final Year Project role
Data Engineer (4-5 Years),Algo,Lahore,IT Services,Not disclosed,4-5 years,Not disclosed,Indeed Pakistan,2026-03-19,https://pk.indeed.com/q-data-engineer-job-in-lahore-l-lahore-jobs.html,"Snowflake, Databricks"
Data Research Analyst,Confidential,Pakistan,Business Services,Not disclosed,Not disclosed,Not disclosed,Glassdoor,2026-06,"https://www.glassdoor.com/Job/pakistan-business-analyst-jobs-SRCH_IL.0,8_IN192_KO9,25.htm",Business development support
Business Analyst,TPS Pakistan Pvt. Limited,Not disclosed,Fintech/Payments,Not disclosed,2+ years,Not disclosed,Glassdoor,2026-06,"https://www.glassdoor.com/Job/pakistan-business-analyst-jobs-SRCH_IL.0,8_IN192_KO9,25.htm","Agile methodology, sprint planning"
Business Analyst - Equities Trading Platform,Confidential,Karachi,Fintech/Trading,Not disclosed,3-6 years,Not disclosed,Glassdoor,2026-06,"https://www.glassdoor.com/Job/karachi-business-analyst-jobs-SRCH_IL.0,7_IM1122_KO8,24.htm",Equities/options/FX trading domain
Business Analyst (AI and Blockchain),Perks HR Pvt. Ltd.,Karachi,HR/Staffing,Onsite/Remote,Experienced,Not disclosed,Glassdoor,2026-06,"https://www.glassdoor.com/Job/karachi-business-analyst-jobs-SRCH_IL.0,7_IM1122_KO8,24.htm",
Business Analyst,Right Solution,Karachi,IT Services,Not disclosed,Not disclosed,Not disclosed,Glassdoor,2026-06,"https://www.glassdoor.com/Job/karachi-business-analyst-jobs-SRCH_IL.0,7_IM1122_KO8,24.htm",Business requirements to technical specs
Business Analyst - Remote Pakistan,Techsurge Pvt. Ltd.,Pakistan (Remote),IT Services,Remote,Not disclosed,Not disclosed,Indeed Pakistan,2026-04-08,https://pk.indeed.com/q-business-analyst-jobs.html,Transaction Banking domain
Junior Data Analyst,A2 Business Consulting LLC,Pakistan (Remote),Consulting,Remote,Junior,Not disclosed,Indeed Pakistan,2026-04-08,https://pk.indeed.com/q-business-analyst-jobs.html,US-based business data validation
Business Analyst,GRID Systems (PVT) Ltd.,Islamabad,IT Services,Not disclosed,4-6 years,Not disclosed,Indeed Pakistan,2026-04-08,https://pk.indeed.com/q-business-analyst-jobs.html,Business process documentation/workflow
Business Intelligence (BI) Analyst,MonetizeMore,Pakistan (Remote),AdTech,Remote-first,Not disclosed,Not disclosed,Glassdoor,2026-04,"https://www.glassdoor.com/Job/pakistan-it-business-analyst-jobs-SRCH_IL.0,8_IN192_KO9,28.htm",Ad monetization technology company
Business Analyst,f5,Pakistan,Technology,Not disclosed,Not disclosed,Not disclosed,Glassdoor,2026-04,"https://www.glassdoor.com/Job/pakistan-it-business-analyst-jobs-SRCH_IL.0,8_IN192_KO9,28.htm",
Business Analyst,Contour Software,Pakistan,IT Services,Not disclosed,Not disclosed,Not disclosed,Glassdoor,2026-04,"https://www.glassdoor.com/Job/pakistan-it-business-analyst-jobs-SRCH_IL.0,8_IN192_KO9,28.htm",
Business Analyst,S&P Global,Islamabad,Financial Services,Not disclosed,Entry level,Not disclosed,Glassdoor,2026-03-06,"https://www.glassdoor.com/Job/pakistan-entry-level-business-analyst-jobs-SRCH_IL.0,8_IN192_KO9,37.htm",Job ID 326685; Excel-based financial modeling internship
Data Analyst - hospitality/F&B,World Business Lenders / Inspire Builders,Lahore,Hospitality/F&B,Not disclosed,2-4 years,Not disclosed,Glassdoor,2026-06,"https://www.glassdoor.com/Job/lahore-data-analyst-jobs-SRCH_IL.0,6_IC3206630_KO7,19.htm",
Head of Inventory Planning & Forecasting,Chai Vision,Lahore,F&B/Retail,Not disclosed,Manager level,Not disclosed,Glassdoor,2026-06,"https://www.glassdoor.com/Job/lahore-data-analyst-jobs-SRCH_IL.0,6_IC3206630_KO7,19.htm",Demand planning team lead
Data Analyst,Jeeny,Lahore,Ride-hailing/Tech,Not disclosed,Not disclosed,Not disclosed,Glassdoor,2026-06,"https://www.glassdoor.com/Job/lahore-data-analyst-jobs-SRCH_IL.0,6_IC3206630_KO7,19.htm","SQL, Power BI, SSAS cubes"
Data Analyst (European market data),Cobblestone Energy,Lahore,Energy Trading,Not disclosed,Not disclosed,Not disclosed,Glassdoor,2026-06,"https://www.glassdoor.com/Job/lahore-data-analyst-jobs-SRCH_IL.0,6_IC3206630_KO7,19.htm",Canonical data models for European markets
Business Analyst (SCM & WMS) - Night Shift,Eplanet Global,Karachi (Bahadurabad),IT Services,"Full-time, Night shift",Not disclosed,Not disclosed,BeBee,2026-05-23,https://bebee.com/pk/jobs/role/business-analyst,Supply Chain/Warehouse Mgmt System
Expert Business Analyst,Jazz (Teknosys),Islamabad,Telecom,Not disclosed,Grade L2,Not disclosed,BeBee,2026-05-23,https://bebee.com/pk/jobs/role/business-analyst,Apply deadline 25 May 2026
Business Analyst,BlinkSwag,Hyderabad,Retail/Branded Merchandise,"Permanent, Full-Time",Not disclosed,Not disclosed,BeBee,2026-05-23,https://bebee.com/pk/jobs/role/business-analyst,
IT Business Analyst - Financial Applications,Infotech (client),Lahore,IT Services,Not disclosed,Not disclosed,Not disclosed,BeBee,2026-05-23,https://bebee.com/pk/jobs/role/business-analyst,"Gap analysis, requirements gathering"
Senior Business Analyst,noon,Pakistan (Remote),E-commerce,Remote,Senior,Not disclosed,BeBee,2026-05-23,https://bebee.com/pk/jobs/role/business-analyst,Reports to Manager - Analytics
Software Engineer - Oracle Apex Developer,Multi-Techno Integrated Solutions,Faisalabad,IT Services,Not disclosed,Not disclosed,Not disclosed,Indeed Pakistan,2026-04-03,https://pk.indeed.com/q-sql-developer-l-faisalabad-jobs.html,"PL/SQL, SQL"
Front End Developer,Brickclay,Faisalabad,IT Services,Not disclosed,Not disclosed,Not disclosed,Indeed Pakistan,2026-04-03,https://pk.indeed.com/q-sql-developer-l-faisalabad-jobs.html,
ERP Developer (Frappe/ERPNext),Shark Lab,Lahore/Karachi/Faisalabad,IT Services,Not disclosed,Not disclosed,Not disclosed,BeBee,2026-05,https://bebee.com/pk/jobs/role/software-engineer/faisalabad,Multiple PK locations
MERN Stack Developer,Confidential,Faisalabad,IT Services,"Full-time, Onsite",1-3 years,Not disclosed,BeBee,2026-05,https://bebee.com/pk/jobs/role/software-engineer/faisalabad,
Principal Database Architect & Optimization Engineer,Pakistan Single Window,Karachi,Government/Trade Tech,Not disclosed,Principal,Not disclosed,Indeed Pakistan,2025-11-27,https://pk.indeed.com/q-database-sql-l-karachi-jobs.html,
System Analyst (Java Development),FWU AG,Karachi,Insurance/Fintech,Not disclosed,Not disclosed,Not disclosed,Indeed Pakistan,2025-11-27,https://pk.indeed.com/q-database-sql-l-karachi-jobs.html,SQL Server relational database
Software Engineer (.Net),Think Digitally Pvt. Ltd,Karachi (Shahra-e-Faisal),IT Services,Not disclosed,Not disclosed,Not disclosed,Indeed Pakistan,2025-11-27,https://pk.indeed.com/q-database-sql-l-karachi-jobs.html,".NET Core, JavaScript, ASP"
Sr. Software Engineer (Remote),Pakistan Single Window,Karachi,Government/Trade Tech,Remote,Senior,Not disclosed,Indeed Pakistan,2025-11-27,https://pk.indeed.com/q-database-sql-l-karachi-jobs.html,
Database Manager,VRG Pvt. Ltd.,Karachi (Shahra-e-Faisal),IT Services,Not disclosed,Not disclosed,Not disclosed,Indeed Pakistan,2025-11-27,https://pk.indeed.com/q-database-sql-l-karachi-jobs.html,"MySQL, Oracle"
Software Engineer - .NET,Creative Chaos,Karachi,IT Services,Not disclosed,Associate level,Not disclosed,Indeed Pakistan,2025-11-27,https://pk.indeed.com/q-database-sql-l-karachi-jobs.html,Server application development
Lead Software Engineer - WeBOC 2.0,Pakistan Single Window,Karachi,Government/Trade Tech,Not disclosed,Lead,Not disclosed,Indeed Pakistan,2025-11-27,https://pk.indeed.com/q-database-sql-l-karachi-jobs.html,SQL Server queries/stored procedures
Unit Head Database Administration,HBL,Pakistan,Banking,Not disclosed,12+ years (4+ leadership),Not disclosed,Indeed Pakistan,2025-06-26,https://pk.indeed.com/q-sql-server-jobs.html,
Data Warehouse Engineer / SQL Consultant,Aricrypta,Islamabad,Fintech/Crypto,Full-time,Not disclosed,Not disclosed,Indeed Pakistan,2025-06-26,https://pk.indeed.com/q-sql-server-jobs.html,Azure Cloud technologies
Junior Software Developer (WinForms),Contour Software,Lahore,IT Services,Not disclosed,Junior,Not disclosed,Indeed Pakistan,2025-06-26,https://pk.indeed.com/q-sql-server-jobs.html,
Trainee Software Developer,Contour Software,Karachi,IT Services,Trainee,Entry level,Not disclosed,Indeed Pakistan,2025-06-26,https://pk.indeed.com/q-sql-server-jobs.html,T-SQL / PL-SQL
Senior Software Developer (SQL Server + VB.NET),Contour Software,Lahore,IT Services,Not disclosed,Senior,Not disclosed,Indeed Pakistan,2025-06-26,https://pk.indeed.com/q-sql-server-jobs.html,4-5 star hotel clients North America/Caribbean/Europe/Asia
"Senior Cloud Engineer (GCP, Networks & Server)",MicroAgility Services,Islamabad,IT Services,Not disclosed,Senior,Not disclosed,Indeed Pakistan,2025-06-26,https://pk.indeed.com/q-sql-server-jobs.html,
Associate Software Architect,CureMD Healthcare,Lahore,HealthTech,Not disclosed,Not disclosed,Not disclosed,Indeed Pakistan,2025-06-26,https://pk.indeed.com/q-sql-server-jobs.html,
SQL Developer,Coforge Ltd.,Hyderabad,IT Services,Not disclosed,Not disclosed,Not disclosed,Indeed Pakistan,2026-07-02,https://pk.indeed.com/q-sql-pl-sql-developer-jobs.html,Snowflake cloud database
Database Administrator (DBA),"The Shams Group, LLC",Pakistan,IT Services,Not disclosed,Not disclosed,Not disclosed,Indeed Pakistan,2026-07-02,https://pk.indeed.com/q-sql-pl-sql-developer-jobs.html,
Software Developer,The Risk Advisors,Lahore,Consulting,Not disclosed,Not disclosed,Not disclosed,Indeed Pakistan,2026-07-02,https://pk.indeed.com/q-sql-pl-sql-developer-jobs.html,
.Net Core Developer (Intern),Mazen Pakistan PVT Ltd.,Karachi (Shahra-e-Faisal),IT Services,Internship,Entry level,Not disclosed,Indeed Pakistan,2025-11-27,https://pk.indeed.com/q-sql-developer-l-karachi-jobs.html,SQL and NoSQL databases
Full Stack Web Developer,Chapal,Karachi,IT Services,Not disclosed,Not disclosed,Not disclosed,Indeed Pakistan,2025-11-27,https://pk.indeed.com/q-sql-developer-l-karachi-jobs.html,Mon-Sat 10am-7pm
QA Engineer - Manual,Creative Chaos,Karachi,IT Services,Not disclosed,Not disclosed,Not disclosed,Indeed Pakistan,2025-11-27,https://pk.indeed.com/q-sql-developer-l-karachi-jobs.html,
Senior Full Stack Developer,Enterprise64,Karachi,IT Services,Not disclosed,Senior,Not disclosed,Indeed Pakistan,2025-11-27,https://pk.indeed.com/q-sql-developer-l-karachi-jobs.html,Backend APIs + frontend
